INSERT INTO City (city_id, city_name, city_lat, city_long) VALUES ('1', 'Chicago', '47', '55');
INSERT INTO City (city_id, city_name, city_lat, city_long) VALUES ('2', 'Dar es Salaam', '76', '82');
INSERT INTO City (city_id, city_name, city_lat, city_long) VALUES ('3', 'Shenyang', '63', '34');
INSERT INTO City (city_id, city_name, city_lat, city_long) VALUES ('4', 'Guadalajara', '74', '100');
INSERT INTO City (city_id, city_name, city_lat, city_long) VALUES ('5', 'Johannesburg', '3', '3');
INSERT INTO City (city_id, city_name, city_lat, city_long) VALUES ('6', 'Los Angeles', '69', '21');
INSERT INTO City (city_id, city_name, city_lat, city_long) VALUES ('7', 'Toronto', '62', '84');
INSERT INTO City (city_id, city_name, city_lat, city_long) VALUES ('8', 'Perm', '92', '37');
INSERT INTO City (city_id, city_name, city_lat, city_long) VALUES ('9', 'Dar es Salaam', '90', '5');
INSERT INTO City (city_id, city_name, city_lat, city_long) VALUES ('10', 'Ho Chi Minh City', '76', '10');
INSERT INTO City (city_id, city_name, city_lat, city_long) VALUES ('11', 'Chennai', '71', '73');
INSERT INTO City (city_id, city_name, city_lat, city_long) VALUES ('12', 'Lahore', '30', '55');
INSERT INTO City (city_id, city_name, city_lat, city_long) VALUES ('13', 'Milan', '66', '87');
INSERT INTO City (city_id, city_name, city_lat, city_long) VALUES ('14', 'Istanbul', '54', '39');
INSERT INTO City (city_id, city_name, city_lat, city_long) VALUES ('15', 'Wuhan', '69', '81');
INSERT INTO City (city_id, city_name, city_lat, city_long) VALUES ('16', 'Ahmedabad', '24', '18');
INSERT INTO City (city_id, city_name, city_lat, city_long) VALUES ('17', 'Tokyo', '87', '29');
INSERT INTO City (city_id, city_name, city_lat, city_long) VALUES ('18', 'Prague', '32', '10');
INSERT INTO City (city_id, city_name, city_lat, city_long) VALUES ('19', 'Madrid', '86', '97');
INSERT INTO City (city_id, city_name, city_lat, city_long) VALUES ('20', 'Lagos', '27', '75');
INSERT INTO City (city_id, city_name, city_lat, city_long) VALUES ('21', 'Munich', '83', '100');
INSERT INTO City (city_id, city_name, city_lat, city_long) VALUES ('22', 'Jakarta', '95', '37');
INSERT INTO City (city_id, city_name, city_lat, city_long) VALUES ('23', 'Volgograd', '32', '48');
INSERT INTO City (city_id, city_name, city_lat, city_long) VALUES ('24', 'Voronezh', '22', '83');
INSERT INTO City (city_id, city_name, city_lat, city_long) VALUES ('25', 'Bangalore', '16', '23');
INSERT INTO City (city_id, city_name, city_lat, city_long) VALUES ('26', 'Istanbul', '63', '43');
INSERT INTO City (city_id, city_name, city_lat, city_long) VALUES ('27', 'Nanjing', '95', '93');
INSERT INTO City (city_id, city_name, city_lat, city_long) VALUES ('28', 'Ho Chi Minh City', '17', '72');
INSERT INTO City (city_id, city_name, city_lat, city_long) VALUES ('29', 'Luanda', '32', '29');
INSERT INTO City (city_id, city_name, city_lat, city_long) VALUES ('30', 'Rome', '1', '36');
INSERT INTO City (city_id, city_name, city_lat, city_long) VALUES ('31', 'Chicago', '4', '93');
INSERT INTO City (city_id, city_name, city_lat, city_long) VALUES ('32', 'Singapore', '6', '6');
INSERT INTO City (city_id, city_name, city_lat, city_long) VALUES ('33', 'Dhaka', '47', '31');
INSERT INTO City (city_id, city_name, city_lat, city_long) VALUES ('34', 'Hong Kong', '37', '92');
INSERT INTO City (city_id, city_name, city_lat, city_long) VALUES ('35', 'Hangzhou', '44', '46');
INSERT INTO City (city_id, city_name, city_lat, city_long) VALUES ('36', 'Yangon', '15', '21');
INSERT INTO City (city_id, city_name, city_lat, city_long) VALUES ('37', 'Belgrade', '61', '12');
INSERT INTO City (city_id, city_name, city_lat, city_long) VALUES ('38', 'Kolkata', '31', '96');
INSERT INTO City (city_id, city_name, city_lat, city_long) VALUES ('39', 'Guadalajara', '16', '27');
INSERT INTO City (city_id, city_name, city_lat, city_long) VALUES ('40', 'Lagos', '77', '2');
INSERT INTO City (city_id, city_name, city_lat, city_long) VALUES ('41', 'Philadelphia', '86', '24');
INSERT INTO City (city_id, city_name, city_lat, city_long) VALUES ('42', 'Volgograd', '70', '44');
INSERT INTO City (city_id, city_name, city_lat, city_long) VALUES ('43', 'Paris', '89', '23');
INSERT INTO City (city_id, city_name, city_lat, city_long) VALUES ('44', 'Philadelphia', '44', '16');
INSERT INTO City (city_id, city_name, city_lat, city_long) VALUES ('45', 'Tianjin', '44', '10');
INSERT INTO City (city_id, city_name, city_lat, city_long) VALUES ('46', 'Bogotá', '34', '81');
INSERT INTO City (city_id, city_name, city_lat, city_long) VALUES ('47', 'Hangzhou', '97', '89');
INSERT INTO City (city_id, city_name, city_lat, city_long) VALUES ('48', 'Istanbul', '12', '79');
INSERT INTO City (city_id, city_name, city_lat, city_long) VALUES ('49', 'Madrid', '5', '93');
INSERT INTO City (city_id, city_name, city_lat, city_long) VALUES ('50', 'Bogotá', '82', '91');
INSERT INTO Driver (driver_id, driver_firstName, driver_lastName, driver_age, driver_address) VALUES ('1', 'Angela', 'Morgan', '33', 'Route 41');
INSERT INTO Driver (driver_id, driver_firstName, driver_lastName, driver_age, driver_address) VALUES ('2', 'Alison', 'Reynolds', '95', 'Bridge Street');
INSERT INTO Driver (driver_id, driver_firstName, driver_lastName, driver_age, driver_address) VALUES ('3', 'Shane', 'Valentine', '93', 'Lawrence Street');
INSERT INTO Driver (driver_id, driver_firstName, driver_lastName, driver_age, driver_address) VALUES ('4', 'Terry', 'Cook', '85', 'Clay Street');
INSERT INTO Driver (driver_id, driver_firstName, driver_lastName, driver_age, driver_address) VALUES ('5', 'Gabriela', 'Matthews', '100', 'Jefferson Street');
INSERT INTO Driver (driver_id, driver_firstName, driver_lastName, driver_age, driver_address) VALUES ('6', 'Kayleigh', 'Ramirez', '32', 'Beech Street');
INSERT INTO Driver (driver_id, driver_firstName, driver_lastName, driver_age, driver_address) VALUES ('7', 'Marshall', 'White', '64', 'Route 7');
INSERT INTO Driver (driver_id, driver_firstName, driver_lastName, driver_age, driver_address) VALUES ('8', 'Gemma', 'Fletcher', '86', 'Chestnut Street');
INSERT INTO Driver (driver_id, driver_firstName, driver_lastName, driver_age, driver_address) VALUES ('9', 'Kathie', 'Clark', '30', 'Augusta Drive');
INSERT INTO Driver (driver_id, driver_firstName, driver_lastName, driver_age, driver_address) VALUES ('10', 'Vera', 'Pace', '41', 'Cemetery Road');
INSERT INTO Driver (driver_id, driver_firstName, driver_lastName, driver_age, driver_address) VALUES ('11', 'Juliana', 'Holland', '37', 'Lakeview Drive');
INSERT INTO Driver (driver_id, driver_firstName, driver_lastName, driver_age, driver_address) VALUES ('12', 'Beverly', 'Hamilton', '24', '7th Street');
INSERT INTO Driver (driver_id, driver_firstName, driver_lastName, driver_age, driver_address) VALUES ('13', 'Loretta', 'Singh', '37', 'Hawthorne Lane');
INSERT INTO Driver (driver_id, driver_firstName, driver_lastName, driver_age, driver_address) VALUES ('14', 'Angela', 'Graham', '18', 'Park Street');
INSERT INTO Driver (driver_id, driver_firstName, driver_lastName, driver_age, driver_address) VALUES ('15', 'Carolina', 'Williams', '60', 'Elmwood Avenue');
INSERT INTO Driver (driver_id, driver_firstName, driver_lastName, driver_age, driver_address) VALUES ('16', 'Albert', 'Mitchell', '38', 'Monroe Street');
INSERT INTO Driver (driver_id, driver_firstName, driver_lastName, driver_age, driver_address) VALUES ('17', 'Everett', 'Wood', '28', 'Railroad Avenue');
INSERT INTO Driver (driver_id, driver_firstName, driver_lastName, driver_age, driver_address) VALUES ('18', 'Everett', 'Knight', '40', 'Magnolia Court');
INSERT INTO Driver (driver_id, driver_firstName, driver_lastName, driver_age, driver_address) VALUES ('19', 'Ivan', 'Phillips', '22', 'Summit Street');
INSERT INTO Driver (driver_id, driver_firstName, driver_lastName, driver_age, driver_address) VALUES ('20', 'Skyla', 'Murphy', '54', 'Country Club Road');
INSERT INTO Driver (driver_id, driver_firstName, driver_lastName, driver_age, driver_address) VALUES ('21', 'Silvia', 'Baker', '92', '6th Street North');
INSERT INTO Driver (driver_id, driver_firstName, driver_lastName, driver_age, driver_address) VALUES ('22', 'Kimberly', 'Lopez', '23', 'Chestnut Avenue');
INSERT INTO Driver (driver_id, driver_firstName, driver_lastName, driver_age, driver_address) VALUES ('23', 'Harold', 'Ford', '52', 'Main Street East');
INSERT INTO Driver (driver_id, driver_firstName, driver_lastName, driver_age, driver_address) VALUES ('24', 'Katelynn', 'Lindsey', '41', 'Pleasant Street');
INSERT INTO Driver (driver_id, driver_firstName, driver_lastName, driver_age, driver_address) VALUES ('25', 'Adrian', 'Russell', '82', 'Route 11');
INSERT INTO Driver (driver_id, driver_firstName, driver_lastName, driver_age, driver_address) VALUES ('26', 'Mark', 'Carter', '72', 'Laurel Drive');
INSERT INTO Driver (driver_id, driver_firstName, driver_lastName, driver_age, driver_address) VALUES ('27', 'Wiley', 'Leach', '85', 'Hawthorne Avenue');
INSERT INTO Driver (driver_id, driver_firstName, driver_lastName, driver_age, driver_address) VALUES ('28', 'Blake', 'Mitchell', '5', 'Durham Road');
INSERT INTO Driver (driver_id, driver_firstName, driver_lastName, driver_age, driver_address) VALUES ('29', 'Shawn', 'Arnold', '74', 'Mulberry Court');
INSERT INTO Driver (driver_id, driver_firstName, driver_lastName, driver_age, driver_address) VALUES ('30', 'Kayleigh', 'Miller', '8', 'James Street');
INSERT INTO Driver (driver_id, driver_firstName, driver_lastName, driver_age, driver_address) VALUES ('31', 'Beverly', 'Crawford', '67', '1st Avenue');
INSERT INTO Driver (driver_id, driver_firstName, driver_lastName, driver_age, driver_address) VALUES ('32', 'Bethany', 'Perry', '33', 'Maple Avenue');
INSERT INTO Driver (driver_id, driver_firstName, driver_lastName, driver_age, driver_address) VALUES ('33', 'Clarence', 'Cox', '85', '5th Street West');
INSERT INTO Driver (driver_id, driver_firstName, driver_lastName, driver_age, driver_address) VALUES ('34', 'Victor', 'Hughes', '42', 'Jefferson Court');
INSERT INTO Driver (driver_id, driver_firstName, driver_lastName, driver_age, driver_address) VALUES ('35', 'Della', 'Butler', '86', 'Lakeview Drive');
INSERT INTO Driver (driver_id, driver_firstName, driver_lastName, driver_age, driver_address) VALUES ('36', 'Monique', 'Knowles', '46', 'Broad Street West');
INSERT INTO Driver (driver_id, driver_firstName, driver_lastName, driver_age, driver_address) VALUES ('37', 'Arthur', 'Hall', '75', 'Main Street West');
INSERT INTO Driver (driver_id, driver_firstName, driver_lastName, driver_age, driver_address) VALUES ('38', 'Nathaniel', 'Gonzalez', '67', 'Magnolia Drive');
INSERT INTO Driver (driver_id, driver_firstName, driver_lastName, driver_age, driver_address) VALUES ('39', 'Bethany', 'Rice', '66', 'Willow Avenue');
INSERT INTO Driver (driver_id, driver_firstName, driver_lastName, driver_age, driver_address) VALUES ('40', 'Olive', 'Patterson', '12', 'Spruce Street');
INSERT INTO Driver (driver_id, driver_firstName, driver_lastName, driver_age, driver_address) VALUES ('41', 'Luna', 'Garcia', '64', 'Liberty Street');
INSERT INTO Driver (driver_id, driver_firstName, driver_lastName, driver_age, driver_address) VALUES ('42', 'Janet', 'Weasley', '44', 'Hillcrest Avenue');
INSERT INTO Driver (driver_id, driver_firstName, driver_lastName, driver_age, driver_address) VALUES ('43', 'Vera', 'Fletcher', '16', 'Beechwood Drive');
INSERT INTO Driver (driver_id, driver_firstName, driver_lastName, driver_age, driver_address) VALUES ('44', 'Lauren', 'Lindsey', '65', 'Madison Street');
INSERT INTO Driver (driver_id, driver_firstName, driver_lastName, driver_age, driver_address) VALUES ('45', 'Nicole', 'Shaw', '38', 'Buttonwood Drive');
INSERT INTO Driver (driver_id, driver_firstName, driver_lastName, driver_age, driver_address) VALUES ('46', 'Beverly', 'Harris', '73', '8th Street South');
INSERT INTO Driver (driver_id, driver_firstName, driver_lastName, driver_age, driver_address) VALUES ('47', 'Stephanie', 'Shelton', '76', 'Hudson Street');
INSERT INTO Driver (driver_id, driver_firstName, driver_lastName, driver_age, driver_address) VALUES ('48', 'Neil', 'Howell', '88', 'Grove Avenue');
INSERT INTO Driver (driver_id, driver_firstName, driver_lastName, driver_age, driver_address) VALUES ('49', 'Rosie', 'Saunders', '68', 'Route 5');
INSERT INTO Driver (driver_id, driver_firstName, driver_lastName, driver_age, driver_address) VALUES ('50', 'Jorge', 'Richards', '99', 'Lincoln Street');
INSERT INTO Client (client_id, client_firstName, client_lastName) VALUES ('1', 'Douglas', 'Thomas');
INSERT INTO Client (client_id, client_firstName, client_lastName) VALUES ('2', 'Teresa', 'Jones');
INSERT INTO Client (client_id, client_firstName, client_lastName) VALUES ('3', 'Clarence', 'Jenkins');
INSERT INTO Client (client_id, client_firstName, client_lastName) VALUES ('4', 'Nicole', 'Wheeler');
INSERT INTO Client (client_id, client_firstName, client_lastName) VALUES ('5', 'Everett', 'Robinson');
INSERT INTO Client (client_id, client_firstName, client_lastName) VALUES ('6', 'Sandra', 'Richmond');
INSERT INTO Client (client_id, client_firstName, client_lastName) VALUES ('7', 'Lucia', 'Sheppard');
INSERT INTO Client (client_id, client_firstName, client_lastName) VALUES ('8', 'Janet', 'Dudley');
INSERT INTO Client (client_id, client_firstName, client_lastName) VALUES ('9', 'Aaron', 'Martinez');
INSERT INTO Client (client_id, client_firstName, client_lastName) VALUES ('10', 'Johnny', 'Harris');
INSERT INTO Client (client_id, client_firstName, client_lastName) VALUES ('11', 'Julie', 'Rice');
INSERT INTO Client (client_id, client_firstName, client_lastName) VALUES ('12', 'Myra', 'Saunders');
INSERT INTO Client (client_id, client_firstName, client_lastName) VALUES ('13', 'Rick', 'Terry');
INSERT INTO Client (client_id, client_firstName, client_lastName) VALUES ('14', 'Alberta', 'Gordon');
INSERT INTO Client (client_id, client_firstName, client_lastName) VALUES ('15', 'Sabrina', 'Kimmel');
INSERT INTO Client (client_id, client_firstName, client_lastName) VALUES ('16', 'Blanche', 'Miller');
INSERT INTO Client (client_id, client_firstName, client_lastName) VALUES ('17', 'Ivan', 'Lee');
INSERT INTO Client (client_id, client_firstName, client_lastName) VALUES ('18', 'Miles', 'Campbell');
INSERT INTO Client (client_id, client_firstName, client_lastName) VALUES ('19', 'Scott', 'Bennett');
INSERT INTO Client (client_id, client_firstName, client_lastName) VALUES ('20', 'Jerry', 'White');
INSERT INTO Client (client_id, client_firstName, client_lastName) VALUES ('21', 'Alexia', 'Walker');
INSERT INTO Client (client_id, client_firstName, client_lastName) VALUES ('22', 'Rosie', 'Perry');
INSERT INTO Client (client_id, client_firstName, client_lastName) VALUES ('23', 'Robyn', 'Singh');
INSERT INTO Client (client_id, client_firstName, client_lastName) VALUES ('24', 'Robyn', 'Ellis');
INSERT INTO Client (client_id, client_firstName, client_lastName) VALUES ('25', 'Desiree', 'Fisher');
INSERT INTO Client (client_id, client_firstName, client_lastName) VALUES ('26', 'Teresa', 'Green');
INSERT INTO Client (client_id, client_firstName, client_lastName) VALUES ('27', 'Dan', 'Garcia');
INSERT INTO Client (client_id, client_firstName, client_lastName) VALUES ('28', 'Hannah', 'Cox');
INSERT INTO Client (client_id, client_firstName, client_lastName) VALUES ('29', 'Stephanie', 'Simmons');
INSERT INTO Client (client_id, client_firstName, client_lastName) VALUES ('30', 'Claudia', 'Hunter');
INSERT INTO Client (client_id, client_firstName, client_lastName) VALUES ('31', 'Francesca', 'Stanley');
INSERT INTO Client (client_id, client_firstName, client_lastName) VALUES ('32', 'Skyla', 'Miller');
INSERT INTO Client (client_id, client_firstName, client_lastName) VALUES ('33', 'Kianna', 'Ward');
INSERT INTO Client (client_id, client_firstName, client_lastName) VALUES ('34', 'Carolina', 'Little');
INSERT INTO Client (client_id, client_firstName, client_lastName) VALUES ('35', 'Milton', 'Gentry');
INSERT INTO Client (client_id, client_firstName, client_lastName) VALUES ('36', 'Camille', 'Gentry');
INSERT INTO Client (client_id, client_firstName, client_lastName) VALUES ('37', 'Scott', 'Green');
INSERT INTO Client (client_id, client_firstName, client_lastName) VALUES ('38', 'Nathalie', 'Shaw');
INSERT INTO Client (client_id, client_firstName, client_lastName) VALUES ('39', 'Greyson', 'Murray');
INSERT INTO Client (client_id, client_firstName, client_lastName) VALUES ('40', 'Angelique', 'Arnold');
INSERT INTO Client (client_id, client_firstName, client_lastName) VALUES ('41', 'Sophia', 'Matthews');
INSERT INTO Client (client_id, client_firstName, client_lastName) VALUES ('42', 'Monique', 'Arnold');
INSERT INTO Client (client_id, client_firstName, client_lastName) VALUES ('43', 'Stephanie', 'Ford');
INSERT INTO Client (client_id, client_firstName, client_lastName) VALUES ('44', 'Leona', 'Grant');
INSERT INTO Client (client_id, client_firstName, client_lastName) VALUES ('45', 'Rachelle', 'Lucas');
INSERT INTO Client (client_id, client_firstName, client_lastName) VALUES ('46', 'Luka', 'Russell');
INSERT INTO Client (client_id, client_firstName, client_lastName) VALUES ('47', 'Eli', 'Tucker');
INSERT INTO Client (client_id, client_firstName, client_lastName) VALUES ('48', 'Walter', 'Perry');
INSERT INTO Client (client_id, client_firstName, client_lastName) VALUES ('49', 'Chrysta', 'Patterson');
INSERT INTO Client (client_id, client_firstName, client_lastName) VALUES ('50', 'Charlie', 'Warren');
INSERT INTO trailer (trailer_id, trailer_name, trailer_marchandise, trailer_weight) VALUES ('1', 'Ireland', 'hamster', '3100');
INSERT INTO trailer (trailer_id, trailer_name, trailer_marchandise, trailer_weight) VALUES ('2', 'Equatorial Guinea', 'bull', '4400');
INSERT INTO trailer (trailer_id, trailer_name, trailer_marchandise, trailer_weight) VALUES ('3', 'Taiwan, Province of China', 'colt', '7700');
INSERT INTO trailer (trailer_id, trailer_name, trailer_marchandise, trailer_weight) VALUES ('4', 'Turkmenistan', 'bear', '10500');
INSERT INTO trailer (trailer_id, trailer_name, trailer_marchandise, trailer_weight) VALUES ('5', 'El Salvador', 'raccoon', '10100');
INSERT INTO trailer (trailer_id, trailer_name, trailer_marchandise, trailer_weight) VALUES ('6', 'Montserrat', 'crocodile', '5500');
INSERT INTO trailer (trailer_id, trailer_name, trailer_marchandise, trailer_weight) VALUES ('7', 'Yemen', 'bear', '8000');
INSERT INTO trailer (trailer_id, trailer_name, trailer_marchandise, trailer_weight) VALUES ('8', 'Martinique', 'fawn', '7400');
INSERT INTO trailer (trailer_id, trailer_name, trailer_marchandise, trailer_weight) VALUES ('9', 'Libya', 'opossum', '7200');
INSERT INTO trailer (trailer_id, trailer_name, trailer_marchandise, trailer_weight) VALUES ('10', 'Poland', 'ferret', '2300');
INSERT INTO trailer (trailer_id, trailer_name, trailer_marchandise, trailer_weight) VALUES ('11', 'Marshall Islands', 'mouse', '4600');
INSERT INTO trailer (trailer_id, trailer_name, trailer_marchandise, trailer_weight) VALUES ('12', 'Dominican Republic', 'bald eagle', '10200');
INSERT INTO trailer (trailer_id, trailer_name, trailer_marchandise, trailer_weight) VALUES ('13', 'Equatorial Guinea', 'deer', '8400');
INSERT INTO trailer (trailer_id, trailer_name, trailer_marchandise, trailer_weight) VALUES ('14', 'Kuwait', 'ape', '7200');
INSERT INTO trailer (trailer_id, trailer_name, trailer_marchandise, trailer_weight) VALUES ('15', 'Finland', 'alpaca', '3400');
INSERT INTO trailer (trailer_id, trailer_name, trailer_marchandise, trailer_weight) VALUES ('16', 'San Marino', 'hartebeest', '7000');
INSERT INTO trailer (trailer_id, trailer_name, trailer_marchandise, trailer_weight) VALUES ('17', 'Uzbekistan', 'zebu', '5200');
INSERT INTO trailer (trailer_id, trailer_name, trailer_marchandise, trailer_weight) VALUES ('18', 'Bulgaria', 'gila monster', '7100');
INSERT INTO trailer (trailer_id, trailer_name, trailer_marchandise, trailer_weight) VALUES ('19', 'Zambia', 'waterbuck', '7500');
INSERT INTO trailer (trailer_id, trailer_name, trailer_marchandise, trailer_weight) VALUES ('20', 'Eritrea', 'wombat', '2300');
INSERT INTO trailer (trailer_id, trailer_name, trailer_marchandise, trailer_weight) VALUES ('21', 'Timor-Leste', 'rooster', '5700');
INSERT INTO trailer (trailer_id, trailer_name, trailer_marchandise, trailer_weight) VALUES ('22', 'Guadeloupe', 'eland', '7400');
INSERT INTO trailer (trailer_id, trailer_name, trailer_marchandise, trailer_weight) VALUES ('23', 'Romania', 'kitten', '4200');
INSERT INTO trailer (trailer_id, trailer_name, trailer_marchandise, trailer_weight) VALUES ('24', 'Mali', 'wolf', '1400');
INSERT INTO trailer (trailer_id, trailer_name, trailer_marchandise, trailer_weight) VALUES ('25', 'Mauritius', 'dung beetle', '8400');
INSERT INTO trailer (trailer_id, trailer_name, trailer_marchandise, trailer_weight) VALUES ('26', 'Dominican Republic', 'turtle', '6900');
INSERT INTO trailer (trailer_id, trailer_name, trailer_marchandise, trailer_weight) VALUES ('27', 'Northern Mariana Islands', 'ox', '2400');
INSERT INTO trailer (trailer_id, trailer_name, trailer_marchandise, trailer_weight) VALUES ('28', 'Sierra Leone', 'hyena', '7300');
INSERT INTO trailer (trailer_id, trailer_name, trailer_marchandise, trailer_weight) VALUES ('29', 'Cameroon', 'toad', '7500');
INSERT INTO trailer (trailer_id, trailer_name, trailer_marchandise, trailer_weight) VALUES ('30', 'Paraguay', 'wolf', '2000');
INSERT INTO trailer (trailer_id, trailer_name, trailer_marchandise, trailer_weight) VALUES ('31', 'Burundi', 'springbok', '2700');
INSERT INTO trailer (trailer_id, trailer_name, trailer_marchandise, trailer_weight) VALUES ('32', 'Libya', 'beaver', '2300');
INSERT INTO trailer (trailer_id, trailer_name, trailer_marchandise, trailer_weight) VALUES ('33', 'Taiwan, Province of China', 'pronghorn', '1700');
INSERT INTO trailer (trailer_id, trailer_name, trailer_marchandise, trailer_weight) VALUES ('34', 'Bulgaria', 'doe', '8700');
INSERT INTO trailer (trailer_id, trailer_name, trailer_marchandise, trailer_weight) VALUES ('35', 'Chad', 'starfish', '5700');
INSERT INTO trailer (trailer_id, trailer_name, trailer_marchandise, trailer_weight) VALUES ('36', 'Turkmenistan', 'addax', '3600');
INSERT INTO trailer (trailer_id, trailer_name, trailer_marchandise, trailer_weight) VALUES ('37', 'Burkina Faso', 'gorilla', '8000');
INSERT INTO trailer (trailer_id, trailer_name, trailer_marchandise, trailer_weight) VALUES ('38', 'South Sudan', 'coyote', '10500');
INSERT INTO trailer (trailer_id, trailer_name, trailer_marchandise, trailer_weight) VALUES ('39', 'Australia', 'snowy owl', '8700');
INSERT INTO trailer (trailer_id, trailer_name, trailer_marchandise, trailer_weight) VALUES ('40', 'El Salvador', 'hog', '9800');
INSERT INTO trailer (trailer_id, trailer_name, trailer_marchandise, trailer_weight) VALUES ('41', 'Seychelles', 'highland cow', '7700');
INSERT INTO trailer (trailer_id, trailer_name, trailer_marchandise, trailer_weight) VALUES ('42', 'Germany', 'gila monster', '9300');
INSERT INTO trailer (trailer_id, trailer_name, trailer_marchandise, trailer_weight) VALUES ('43', 'Australia', 'blue crab', '4100');
INSERT INTO trailer (trailer_id, trailer_name, trailer_marchandise, trailer_weight) VALUES ('44', 'Ireland', 'shrew', '4800');
INSERT INTO trailer (trailer_id, trailer_name, trailer_marchandise, trailer_weight) VALUES ('45', 'Malawi', 'ground hog', '3000');
INSERT INTO trailer (trailer_id, trailer_name, trailer_marchandise, trailer_weight) VALUES ('46', 'Romania', 'deer', '6600');
INSERT INTO trailer (trailer_id, trailer_name, trailer_marchandise, trailer_weight) VALUES ('47', 'Cyprus', 'pronghorn', '4300');
INSERT INTO trailer (trailer_id, trailer_name, trailer_marchandise, trailer_weight) VALUES ('48', 'Zambia', 'mouse', '4100');
INSERT INTO trailer (trailer_id, trailer_name, trailer_marchandise, trailer_weight) VALUES ('49', 'Congo', 'beaver', '4400');
INSERT INTO trailer (trailer_id, trailer_name, trailer_marchandise, trailer_weight) VALUES ('50', 'Iceland', 'badger', '8300');
INSERT INTO Status (status_id, status_name) VALUES ('1', 'Housekeeper');
INSERT INTO Status (status_id, status_name) VALUES ('2', 'Public Relations Specialist');
INSERT INTO Status (status_id, status_name) VALUES ('3', 'Paralegal');
INSERT INTO Status (status_id, status_name) VALUES ('4', 'Writer');
INSERT INTO Status (status_id, status_name) VALUES ('5', 'Database administrator');
INSERT INTO Status (status_id, status_name) VALUES ('6', 'IT Manager');
INSERT INTO Status (status_id, status_name) VALUES ('7', 'Medical Secretary');
INSERT INTO Status (status_id, status_name) VALUES ('8', 'Plumber');
INSERT INTO Status (status_id, status_name) VALUES ('9', 'Cost Estimator');
INSERT INTO Status (status_id, status_name) VALUES ('10', 'Statistician');
INSERT INTO Status (status_id, status_name) VALUES ('11', 'Bookkeeping clerk');
INSERT INTO Status (status_id, status_name) VALUES ('12', 'Construction Manager');
INSERT INTO Status (status_id, status_name) VALUES ('13', 'Social Worker');
INSERT INTO Status (status_id, status_name) VALUES ('14', 'Editor');
INSERT INTO Status (status_id, status_name) VALUES ('15', 'Truck Driver');
INSERT INTO Status (status_id, status_name) VALUES ('16', 'Electrical Engineer');
INSERT INTO Status (status_id, status_name) VALUES ('17', 'Childcare worker');
INSERT INTO Status (status_id, status_name) VALUES ('18', 'Electrical Engineer');
INSERT INTO Status (status_id, status_name) VALUES ('19', 'Anthropologist');
INSERT INTO Status (status_id, status_name) VALUES ('20', 'Librarian');
INSERT INTO Status (status_id, status_name) VALUES ('21', 'Repair Worker');
INSERT INTO Status (status_id, status_name) VALUES ('22', 'Computer Programmer');
INSERT INTO Status (status_id, status_name) VALUES ('23', 'Hairdresser');
INSERT INTO Status (status_id, status_name) VALUES ('24', 'Writer');
INSERT INTO Status (status_id, status_name) VALUES ('25', 'Statistician');
INSERT INTO Status (status_id, status_name) VALUES ('26', 'Writer');
INSERT INTO Status (status_id, status_name) VALUES ('27', 'Diagnostic Medical Sonographer');
INSERT INTO Status (status_id, status_name) VALUES ('28', 'Musician');
INSERT INTO Status (status_id, status_name) VALUES ('29', 'Computer Support Specialist');
INSERT INTO Status (status_id, status_name) VALUES ('30', 'Systems Analyst');
INSERT INTO Status (status_id, status_name) VALUES ('31', 'Computer Systems Analyst');
INSERT INTO Status (status_id, status_name) VALUES ('32', 'Truck Driver');
INSERT INTO Status (status_id, status_name) VALUES ('33', 'Mathematician');
INSERT INTO Status (status_id, status_name) VALUES ('34', 'Professional athlete');
INSERT INTO Status (status_id, status_name) VALUES ('35', 'Social Worker');
INSERT INTO Status (status_id, status_name) VALUES ('36', 'Painter');
INSERT INTO Status (status_id, status_name) VALUES ('37', 'Police Officer');
INSERT INTO Status (status_id, status_name) VALUES ('38', 'Farmer');
INSERT INTO Status (status_id, status_name) VALUES ('39', 'Social Worker');
INSERT INTO Status (status_id, status_name) VALUES ('40', 'Epidemiologist');
INSERT INTO Status (status_id, status_name) VALUES ('41', 'Economist');
INSERT INTO Status (status_id, status_name) VALUES ('42', 'Educator');
INSERT INTO Status (status_id, status_name) VALUES ('43', 'Professional athlete');
INSERT INTO Status (status_id, status_name) VALUES ('44', 'Surveyor');
INSERT INTO Status (status_id, status_name) VALUES ('45', 'Automotive mechanic');
INSERT INTO Status (status_id, status_name) VALUES ('46', 'Civil Engineer');
INSERT INTO Status (status_id, status_name) VALUES ('47', 'Statistician');
INSERT INTO Status (status_id, status_name) VALUES ('48', 'Occupational Therapist');
INSERT INTO Status (status_id, status_name) VALUES ('49', 'Executive Assistant');
INSERT INTO Status (status_id, status_name) VALUES ('50', 'Desktop publisher');
INSERT INTO Brand (brand_id, brand_name) VALUES ('1', 'Referee');
INSERT INTO Brand (brand_id, brand_name) VALUES ('2', 'Human Resources Assistant');
INSERT INTO Brand (brand_id, brand_name) VALUES ('3', 'Database administrator');
INSERT INTO Brand (brand_id, brand_name) VALUES ('4', 'Chef');
INSERT INTO Brand (brand_id, brand_name) VALUES ('5', 'Reporter');
INSERT INTO Brand (brand_id, brand_name) VALUES ('6', 'Medical Secretary');
INSERT INTO Brand (brand_id, brand_name) VALUES ('7', 'Dentist');
INSERT INTO Brand (brand_id, brand_name) VALUES ('8', 'Customer Service Representative');
INSERT INTO Brand (brand_id, brand_name) VALUES ('9', 'Real Estate Agent');
INSERT INTO Brand (brand_id, brand_name) VALUES ('10', 'Microbiologist');
INSERT INTO Brand (brand_id, brand_name) VALUES ('11', 'IT Manager');
INSERT INTO Brand (brand_id, brand_name) VALUES ('12', 'Fitness Trainer');
INSERT INTO Brand (brand_id, brand_name) VALUES ('13', 'Writer');
INSERT INTO Brand (brand_id, brand_name) VALUES ('14', 'Actor');
INSERT INTO Brand (brand_id, brand_name) VALUES ('15', 'Human Resources Assistant');
INSERT INTO Brand (brand_id, brand_name) VALUES ('16', 'Real Estate Agent');
INSERT INTO Brand (brand_id, brand_name) VALUES ('17', 'Veterinarian');
INSERT INTO Brand (brand_id, brand_name) VALUES ('18', 'Professional athlete');
INSERT INTO Brand (brand_id, brand_name) VALUES ('19', 'Chemist');
INSERT INTO Brand (brand_id, brand_name) VALUES ('20', 'Court Reporter');
INSERT INTO Brand (brand_id, brand_name) VALUES ('21', 'Farmer');
INSERT INTO Brand (brand_id, brand_name) VALUES ('22', 'Housekeeper');
INSERT INTO Brand (brand_id, brand_name) VALUES ('23', 'Public Relations Specialist');
INSERT INTO Brand (brand_id, brand_name) VALUES ('24', 'Diagnostic Medical Sonographer');
INSERT INTO Brand (brand_id, brand_name) VALUES ('25', 'Occupational Therapist');
INSERT INTO Brand (brand_id, brand_name) VALUES ('26', 'Art Director');
INSERT INTO Brand (brand_id, brand_name) VALUES ('27', 'Actuary');
INSERT INTO Brand (brand_id, brand_name) VALUES ('28', 'Civil Engineer');
INSERT INTO Brand (brand_id, brand_name) VALUES ('29', 'Musician');
INSERT INTO Brand (brand_id, brand_name) VALUES ('30', 'Zoologist');
INSERT INTO Brand (brand_id, brand_name) VALUES ('31', 'Real Estate Agent');
INSERT INTO Brand (brand_id, brand_name) VALUES ('32', 'Diagnostic Medical Sonographer');
INSERT INTO Brand (brand_id, brand_name) VALUES ('33', 'Diagnostic Medical Sonographer');
INSERT INTO Brand (brand_id, brand_name) VALUES ('34', 'Professional athlete');
INSERT INTO Brand (brand_id, brand_name) VALUES ('35', 'Database administrator');
INSERT INTO Brand (brand_id, brand_name) VALUES ('36', 'Lawyer');
INSERT INTO Brand (brand_id, brand_name) VALUES ('37', 'Computer Support Specialist');
INSERT INTO Brand (brand_id, brand_name) VALUES ('38', 'Middle School Teacher');
INSERT INTO Brand (brand_id, brand_name) VALUES ('39', 'Educator');
INSERT INTO Brand (brand_id, brand_name) VALUES ('40', 'Farmer');
INSERT INTO Brand (brand_id, brand_name) VALUES ('41', 'Executive Assistant');
INSERT INTO Brand (brand_id, brand_name) VALUES ('42', 'Reporter');
INSERT INTO Brand (brand_id, brand_name) VALUES ('43', 'IT Manager');
INSERT INTO Brand (brand_id, brand_name) VALUES ('44', 'Chef');
INSERT INTO Brand (brand_id, brand_name) VALUES ('45', 'Security Guard');
INSERT INTO Brand (brand_id, brand_name) VALUES ('46', 'Software Developer');
INSERT INTO Brand (brand_id, brand_name) VALUES ('47', 'Family Therapist');
INSERT INTO Brand (brand_id, brand_name) VALUES ('48', 'Systems Analyst');
INSERT INTO Brand (brand_id, brand_name) VALUES ('49', 'Middle School Teacher');
INSERT INTO Brand (brand_id, brand_name) VALUES ('50', 'Logistician');
INSERT INTO Truck (truck_id, truck_km, truck_fuel, brand_id) VALUES ('1', '212', '75', '22');
INSERT INTO Truck (truck_id, truck_km, truck_fuel, brand_id) VALUES ('2', '480', '567', '38');
INSERT INTO Truck (truck_id, truck_km, truck_fuel, brand_id) VALUES ('3', '197', '602', '44');
INSERT INTO Truck (truck_id, truck_km, truck_fuel, brand_id) VALUES ('4', '14', '750', '20');
INSERT INTO Truck (truck_id, truck_km, truck_fuel, brand_id) VALUES ('5', '99', '362', '13');
INSERT INTO Truck (truck_id, truck_km, truck_fuel, brand_id) VALUES ('6', '477', '642', '15');
INSERT INTO Truck (truck_id, truck_km, truck_fuel, brand_id) VALUES ('7', '384', '427', '1');
INSERT INTO Truck (truck_id, truck_km, truck_fuel, brand_id) VALUES ('8', '146', '162', '19');
INSERT INTO Truck (truck_id, truck_km, truck_fuel, brand_id) VALUES ('9', '483', '194', '34');
INSERT INTO Truck (truck_id, truck_km, truck_fuel, brand_id) VALUES ('10', '905', '82', '37');
INSERT INTO Truck (truck_id, truck_km, truck_fuel, brand_id) VALUES ('11', '851', '588', '11');
INSERT INTO Truck (truck_id, truck_km, truck_fuel, brand_id) VALUES ('12', '109', '363', '30');
INSERT INTO Truck (truck_id, truck_km, truck_fuel, brand_id) VALUES ('13', '609', '821', '32');
INSERT INTO Truck (truck_id, truck_km, truck_fuel, brand_id) VALUES ('14', '343', '232', '9');
INSERT INTO Truck (truck_id, truck_km, truck_fuel, brand_id) VALUES ('15', '759', '787', '45');
INSERT INTO Truck (truck_id, truck_km, truck_fuel, brand_id) VALUES ('16', '497', '976', '41');
INSERT INTO Truck (truck_id, truck_km, truck_fuel, brand_id) VALUES ('17', '100', '463', '15');
INSERT INTO Truck (truck_id, truck_km, truck_fuel, brand_id) VALUES ('18', '561', '519', '48');
INSERT INTO Truck (truck_id, truck_km, truck_fuel, brand_id) VALUES ('19', '28', '551', '41');
INSERT INTO Truck (truck_id, truck_km, truck_fuel, brand_id) VALUES ('20', '444', '446', '34');
INSERT INTO Truck (truck_id, truck_km, truck_fuel, brand_id) VALUES ('21', '181', '268', '48');
INSERT INTO Truck (truck_id, truck_km, truck_fuel, brand_id) VALUES ('22', '485', '449', '2');
INSERT INTO Truck (truck_id, truck_km, truck_fuel, brand_id) VALUES ('23', '991', '579', '36');
INSERT INTO Truck (truck_id, truck_km, truck_fuel, brand_id) VALUES ('24', '975', '931', '23');
INSERT INTO Truck (truck_id, truck_km, truck_fuel, brand_id) VALUES ('25', '783', '327', '47');
INSERT INTO Truck (truck_id, truck_km, truck_fuel, brand_id) VALUES ('26', '525', '673', '23');
INSERT INTO Truck (truck_id, truck_km, truck_fuel, brand_id) VALUES ('27', '225', '547', '38');
INSERT INTO Truck (truck_id, truck_km, truck_fuel, brand_id) VALUES ('28', '327', '448', '44');
INSERT INTO Truck (truck_id, truck_km, truck_fuel, brand_id) VALUES ('29', '290', '700', '45');
INSERT INTO Truck (truck_id, truck_km, truck_fuel, brand_id) VALUES ('30', '753', '356', '26');
INSERT INTO Truck (truck_id, truck_km, truck_fuel, brand_id) VALUES ('31', '850', '83', '29');
INSERT INTO Truck (truck_id, truck_km, truck_fuel, brand_id) VALUES ('32', '902', '110', '14');
INSERT INTO Truck (truck_id, truck_km, truck_fuel, brand_id) VALUES ('33', '787', '619', '25');
INSERT INTO Truck (truck_id, truck_km, truck_fuel, brand_id) VALUES ('34', '98', '249', '10');
INSERT INTO Truck (truck_id, truck_km, truck_fuel, brand_id) VALUES ('35', '13', '608', '3');
INSERT INTO Truck (truck_id, truck_km, truck_fuel, brand_id) VALUES ('36', '85', '601', '2');
INSERT INTO Truck (truck_id, truck_km, truck_fuel, brand_id) VALUES ('37', '318', '66', '23');
INSERT INTO Truck (truck_id, truck_km, truck_fuel, brand_id) VALUES ('38', '340', '24', '16');
INSERT INTO Truck (truck_id, truck_km, truck_fuel, brand_id) VALUES ('39', '300', '733', '8');
INSERT INTO Truck (truck_id, truck_km, truck_fuel, brand_id) VALUES ('40', '88', '785', '2');
INSERT INTO Truck (truck_id, truck_km, truck_fuel, brand_id) VALUES ('41', '196', '893', '35');
INSERT INTO Truck (truck_id, truck_km, truck_fuel, brand_id) VALUES ('42', '120', '568', '47');
INSERT INTO Truck (truck_id, truck_km, truck_fuel, brand_id) VALUES ('43', '891', '891', '23');
INSERT INTO Truck (truck_id, truck_km, truck_fuel, brand_id) VALUES ('44', '798', '864', '40');
INSERT INTO Truck (truck_id, truck_km, truck_fuel, brand_id) VALUES ('45', '80', '421', '50');
INSERT INTO Truck (truck_id, truck_km, truck_fuel, brand_id) VALUES ('46', '28', '665', '14');
INSERT INTO Truck (truck_id, truck_km, truck_fuel, brand_id) VALUES ('47', '250', '205', '5');
INSERT INTO Truck (truck_id, truck_km, truck_fuel, brand_id) VALUES ('48', '356', '701', '4');
INSERT INTO Truck (truck_id, truck_km, truck_fuel, brand_id) VALUES ('49', '27', '867', '48');
INSERT INTO Truck (truck_id, truck_km, truck_fuel, brand_id) VALUES ('50', '89', '360', '49');
INSERT INTO Contract (contract_id, contract_code, contract_price, contract_distance, contract_time, contract_date, truck_id, driver_id, client_id, city_id, city_id_trailer_pickup, city_id_get_truck, city_id_park_truck) VALUES ('1', 'Dental Hygienist', '638', '588', '805', TO_DATE('2001-05-22 04:22:23', 'YYYY-MM-DD HH24:MI:SS'), '46', '49', '32', '37', '36', '45', '39');
INSERT INTO Contract (contract_id, contract_code, contract_price, contract_distance, contract_time, contract_date, truck_id, driver_id, client_id, city_id, city_id_trailer_pickup, city_id_get_truck, city_id_park_truck) VALUES ('2', 'Physician', '68', '488', '616', TO_DATE('2007-12-14 08:40:39', 'YYYY-MM-DD HH24:MI:SS'), '36', '45', '5', '44', '6', '18', '15');
INSERT INTO Contract (contract_id, contract_code, contract_price, contract_distance, contract_time, contract_date, truck_id, driver_id, client_id, city_id, city_id_trailer_pickup, city_id_get_truck, city_id_park_truck) VALUES ('3', 'Computer Systems Analyst', '546', '7', '476', TO_DATE('2018-09-16 14:08:15', 'YYYY-MM-DD HH24:MI:SS'), '32', '44', '3', '3', '31', '12', '49');
INSERT INTO Contract (contract_id, contract_code, contract_price, contract_distance, contract_time, contract_date, truck_id, driver_id, client_id, city_id, city_id_trailer_pickup, city_id_get_truck, city_id_park_truck) VALUES ('4', 'Actuary', '824', '573', '700', TO_DATE('2007-06-23 20:26:30', 'YYYY-MM-DD HH24:MI:SS'), '38', '15', '26', '22', '45', '12', '31');
INSERT INTO Contract (contract_id, contract_code, contract_price, contract_distance, contract_time, contract_date, truck_id, driver_id, client_id, city_id, city_id_trailer_pickup, city_id_get_truck, city_id_park_truck) VALUES ('5', 'Automotive mechanic', '463', '413', '455', TO_DATE('2010-08-26 02:33:45', 'YYYY-MM-DD HH24:MI:SS'), '23', '22', '44', '31', '32', '32', '5');
INSERT INTO Contract (contract_id, contract_code, contract_price, contract_distance, contract_time, contract_date, truck_id, driver_id, client_id, city_id, city_id_trailer_pickup, city_id_get_truck, city_id_park_truck) VALUES ('6', 'Chef', '207', '507', '22', TO_DATE('2007-07-30 00:13:15', 'YYYY-MM-DD HH24:MI:SS'), '45', '39', '21', '35', '18', '23', '28');
INSERT INTO Contract (contract_id, contract_code, contract_price, contract_distance, contract_time, contract_date, truck_id, driver_id, client_id, city_id, city_id_trailer_pickup, city_id_get_truck, city_id_park_truck) VALUES ('7', 'Epidemiologist', '287', '318', '594', TO_DATE('2009-11-23 08:11:44', 'YYYY-MM-DD HH24:MI:SS'), '4', '35', '43', '23', '47', '27', '13');
INSERT INTO Contract (contract_id, contract_code, contract_price, contract_distance, contract_time, contract_date, truck_id, driver_id, client_id, city_id, city_id_trailer_pickup, city_id_get_truck, city_id_park_truck) VALUES ('8', 'Librarian', '852', '92', '492', TO_DATE('2018-12-17 09:28:25', 'YYYY-MM-DD HH24:MI:SS'), '33', '22', '26', '44', '13', '46', '21');
INSERT INTO Contract (contract_id, contract_code, contract_price, contract_distance, contract_time, contract_date, truck_id, driver_id, client_id, city_id, city_id_trailer_pickup, city_id_get_truck, city_id_park_truck) VALUES ('9', 'Fitness Trainer', '372', '582', '661', TO_DATE('2000-11-20 03:34:14', 'YYYY-MM-DD HH24:MI:SS'), '10', '29', '24', '11', '40', '40', '33');
INSERT INTO Contract (contract_id, contract_code, contract_price, contract_distance, contract_time, contract_date, truck_id, driver_id, client_id, city_id, city_id_trailer_pickup, city_id_get_truck, city_id_park_truck) VALUES ('10', 'Dentist', '495', '494', '420', TO_DATE('2004-01-02 12:16:23', 'YYYY-MM-DD HH24:MI:SS'), '31', '8', '32', '15', '6', '2', '11');
INSERT INTO Contract (contract_id, contract_code, contract_price, contract_distance, contract_time, contract_date, truck_id, driver_id, client_id, city_id, city_id_trailer_pickup, city_id_get_truck, city_id_park_truck) VALUES ('11', 'Lawyer', '828', '670', '321', TO_DATE('2012-09-03 11:05:47', 'YYYY-MM-DD HH24:MI:SS'), '25', '50', '43', '14', '31', '49', '50');
INSERT INTO Contract (contract_id, contract_code, contract_price, contract_distance, contract_time, contract_date, truck_id, driver_id, client_id, city_id, city_id_trailer_pickup, city_id_get_truck, city_id_park_truck) VALUES ('12', 'Repair Worker', '557', '152', '401', TO_DATE('2006-09-25 06:33:26', 'YYYY-MM-DD HH24:MI:SS'), '8', '31', '50', '7', '15', '19', '16');
INSERT INTO Contract (contract_id, contract_code, contract_price, contract_distance, contract_time, contract_date, truck_id, driver_id, client_id, city_id, city_id_trailer_pickup, city_id_get_truck, city_id_park_truck) VALUES ('13', 'Computer Support Specialist', '727', '431', '97', TO_DATE('2001-01-19 16:48:07', 'YYYY-MM-DD HH24:MI:SS'), '19', '40', '24', '34', '10', '30', '27');
INSERT INTO Contract (contract_id, contract_code, contract_price, contract_distance, contract_time, contract_date, truck_id, driver_id, client_id, city_id, city_id_trailer_pickup, city_id_get_truck, city_id_park_truck) VALUES ('14', 'Speech-Language Pathologist', '697', '111', '942', TO_DATE('2011-04-01 22:21:12', 'YYYY-MM-DD HH24:MI:SS'), '4', '27', '50', '23', '12', '21', '50');
INSERT INTO Contract (contract_id, contract_code, contract_price, contract_distance, contract_time, contract_date, truck_id, driver_id, client_id, city_id, city_id_trailer_pickup, city_id_get_truck, city_id_park_truck) VALUES ('15', 'Writer', '237', '631', '799', TO_DATE('2000-01-20 12:30:32', 'YYYY-MM-DD HH24:MI:SS'), '1', '28', '16', '17', '10', '41', '29');
INSERT INTO Contract (contract_id, contract_code, contract_price, contract_distance, contract_time, contract_date, truck_id, driver_id, client_id, city_id, city_id_trailer_pickup, city_id_get_truck, city_id_park_truck) VALUES ('16', 'Painter', '470', '617', '146', TO_DATE('2004-06-10 04:36:50', 'YYYY-MM-DD HH24:MI:SS'), '8', '48', '18', '18', '31', '30', '40');
INSERT INTO Contract (contract_id, contract_code, contract_price, contract_distance, contract_time, contract_date, truck_id, driver_id, client_id, city_id, city_id_trailer_pickup, city_id_get_truck, city_id_park_truck) VALUES ('17', 'Computer Systems Analyst', '511', '382', '496', TO_DATE('2022-12-11 02:50:37', 'YYYY-MM-DD HH24:MI:SS'), '18', '35', '1', '20', '25', '42', '35');
INSERT INTO Contract (contract_id, contract_code, contract_price, contract_distance, contract_time, contract_date, truck_id, driver_id, client_id, city_id, city_id_trailer_pickup, city_id_get_truck, city_id_park_truck) VALUES ('18', 'Drafter', '526', '131', '791', TO_DATE('2005-07-07 22:23:43', 'YYYY-MM-DD HH24:MI:SS'), '28', '23', '32', '28', '46', '44', '47');
INSERT INTO Contract (contract_id, contract_code, contract_price, contract_distance, contract_time, contract_date, truck_id, driver_id, client_id, city_id, city_id_trailer_pickup, city_id_get_truck, city_id_park_truck) VALUES ('19', 'Court Reporter', '466', '897', '140', TO_DATE('2001-02-28 04:59:03', 'YYYY-MM-DD HH24:MI:SS'), '42', '49', '23', '29', '32', '27', '16');
INSERT INTO Contract (contract_id, contract_code, contract_price, contract_distance, contract_time, contract_date, truck_id, driver_id, client_id, city_id, city_id_trailer_pickup, city_id_get_truck, city_id_park_truck) VALUES ('20', 'HR Specialist', '880', '682', '406', TO_DATE('2014-12-16 21:41:41', 'YYYY-MM-DD HH24:MI:SS'), '1', '44', '11', '15', '29', '46', '26');
INSERT INTO Contract (contract_id, contract_code, contract_price, contract_distance, contract_time, contract_date, truck_id, driver_id, client_id, city_id, city_id_trailer_pickup, city_id_get_truck, city_id_park_truck) VALUES ('21', 'Computer Systems Analyst', '492', '115', '973', TO_DATE('2011-05-01 05:44:25', 'YYYY-MM-DD HH24:MI:SS'), '12', '25', '12', '18', '16', '7', '28');
INSERT INTO Contract (contract_id, contract_code, contract_price, contract_distance, contract_time, contract_date, truck_id, driver_id, client_id, city_id, city_id_trailer_pickup, city_id_get_truck, city_id_park_truck) VALUES ('22', 'Budget analyst', '909', '906', '397', TO_DATE('2007-10-12 11:59:36', 'YYYY-MM-DD HH24:MI:SS'), '44', '32', '38', '11', '9', '41', '18');
INSERT INTO Contract (contract_id, contract_code, contract_price, contract_distance, contract_time, contract_date, truck_id, driver_id, client_id, city_id, city_id_trailer_pickup, city_id_get_truck, city_id_park_truck) VALUES ('23', 'Designer', '861', '857', '413', TO_DATE('2021-07-15 20:47:13', 'YYYY-MM-DD HH24:MI:SS'), '42', '27', '18', '26', '2', '1', '37');
INSERT INTO Contract (contract_id, contract_code, contract_price, contract_distance, contract_time, contract_date, truck_id, driver_id, client_id, city_id, city_id_trailer_pickup, city_id_get_truck, city_id_park_truck) VALUES ('24', 'Construction Manager', '390', '45', '517', TO_DATE('2016-08-25 22:21:12', 'YYYY-MM-DD HH24:MI:SS'), '6', '46', '22', '17', '47', '47', '34');
INSERT INTO Contract (contract_id, contract_code, contract_price, contract_distance, contract_time, contract_date, truck_id, driver_id, client_id, city_id, city_id_trailer_pickup, city_id_get_truck, city_id_park_truck) VALUES ('25', 'Police Officer', '561', '261', '896', TO_DATE('2004-07-15 02:10:46', 'YYYY-MM-DD HH24:MI:SS'), '44', '21', '37', '26', '21', '38', '17');
INSERT INTO Contract (contract_id, contract_code, contract_price, contract_distance, contract_time, contract_date, truck_id, driver_id, client_id, city_id, city_id_trailer_pickup, city_id_get_truck, city_id_park_truck) VALUES ('26', 'Social Worker', '722', '152', '683', TO_DATE('2023-04-11 04:33:47', 'YYYY-MM-DD HH24:MI:SS'), '11', '20', '11', '35', '29', '27', '29');
INSERT INTO Contract (contract_id, contract_code, contract_price, contract_distance, contract_time, contract_date, truck_id, driver_id, client_id, city_id, city_id_trailer_pickup, city_id_get_truck, city_id_park_truck) VALUES ('27', 'Janitor', '999', '104', '720', TO_DATE('2001-11-24 07:58:00', 'YYYY-MM-DD HH24:MI:SS'), '22', '32', '46', '25', '50', '7', '39');
INSERT INTO Contract (contract_id, contract_code, contract_price, contract_distance, contract_time, contract_date, truck_id, driver_id, client_id, city_id, city_id_trailer_pickup, city_id_get_truck, city_id_park_truck) VALUES ('28', 'Computer Systems Analyst', '810', '275', '947', TO_DATE('2008-01-05 04:12:57', 'YYYY-MM-DD HH24:MI:SS'), '30', '25', '30', '31', '44', '33', '26');
INSERT INTO Contract (contract_id, contract_code, contract_price, contract_distance, contract_time, contract_date, truck_id, driver_id, client_id, city_id, city_id_trailer_pickup, city_id_get_truck, city_id_park_truck) VALUES ('29', 'Drafter', '222', '828', '838', TO_DATE('2018-06-22 18:43:17', 'YYYY-MM-DD HH24:MI:SS'), '28', '39', '14', '13', '45', '17', '28');
INSERT INTO Contract (contract_id, contract_code, contract_price, contract_distance, contract_time, contract_date, truck_id, driver_id, client_id, city_id, city_id_trailer_pickup, city_id_get_truck, city_id_park_truck) VALUES ('30', 'Lawyer', '955', '224', '688', TO_DATE('2002-11-19 18:20:46', 'YYYY-MM-DD HH24:MI:SS'), '17', '12', '18', '3', '15', '18', '28');
INSERT INTO Contract (contract_id, contract_code, contract_price, contract_distance, contract_time, contract_date, truck_id, driver_id, client_id, city_id, city_id_trailer_pickup, city_id_get_truck, city_id_park_truck) VALUES ('31', 'Bookkeeping clerk', '607', '735', '799', TO_DATE('2015-11-12 08:29:01', 'YYYY-MM-DD HH24:MI:SS'), '27', '50', '4', '3', '42', '7', '16');
INSERT INTO Contract (contract_id, contract_code, contract_price, contract_distance, contract_time, contract_date, truck_id, driver_id, client_id, city_id, city_id_trailer_pickup, city_id_get_truck, city_id_park_truck) VALUES ('32', 'Dental Hygienist', '375', '991', '504', TO_DATE('2015-02-09 14:39:56', 'YYYY-MM-DD HH24:MI:SS'), '7', '27', '35', '30', '44', '21', '33');
INSERT INTO Contract (contract_id, contract_code, contract_price, contract_distance, contract_time, contract_date, truck_id, driver_id, client_id, city_id, city_id_trailer_pickup, city_id_get_truck, city_id_park_truck) VALUES ('33', 'Patrol Officer', '71', '377', '925', TO_DATE('2018-10-13 08:13:57', 'YYYY-MM-DD HH24:MI:SS'), '20', '7', '49', '47', '42', '23', '6');
INSERT INTO Contract (contract_id, contract_code, contract_price, contract_distance, contract_time, contract_date, truck_id, driver_id, client_id, city_id, city_id_trailer_pickup, city_id_get_truck, city_id_park_truck) VALUES ('34', 'Public Relations Specialist', '834', '773', '813', TO_DATE('2002-06-24 06:35:23', 'YYYY-MM-DD HH24:MI:SS'), '37', '20', '26', '50', '9', '9', '11');
INSERT INTO Contract (contract_id, contract_code, contract_price, contract_distance, contract_time, contract_date, truck_id, driver_id, client_id, city_id, city_id_trailer_pickup, city_id_get_truck, city_id_park_truck) VALUES ('35', 'Medical Assistant', '456', '374', '572', TO_DATE('2019-03-08 07:37:43', 'YYYY-MM-DD HH24:MI:SS'), '23', '26', '8', '25', '19', '33', '34');
INSERT INTO Contract (contract_id, contract_code, contract_price, contract_distance, contract_time, contract_date, truck_id, driver_id, client_id, city_id, city_id_trailer_pickup, city_id_get_truck, city_id_park_truck) VALUES ('36', 'Fitness Trainer', '345', '350', '692', TO_DATE('2000-09-21 16:56:30', 'YYYY-MM-DD HH24:MI:SS'), '35', '34', '20', '16', '50', '44', '24');
INSERT INTO Contract (contract_id, contract_code, contract_price, contract_distance, contract_time, contract_date, truck_id, driver_id, client_id, city_id, city_id_trailer_pickup, city_id_get_truck, city_id_park_truck) VALUES ('37', 'Event Planner', '581', '464', '227', TO_DATE('2004-02-23 20:28:11', 'YYYY-MM-DD HH24:MI:SS'), '28', '20', '31', '4', '25', '14', '14');
INSERT INTO Contract (contract_id, contract_code, contract_price, contract_distance, contract_time, contract_date, truck_id, driver_id, client_id, city_id, city_id_trailer_pickup, city_id_get_truck, city_id_park_truck) VALUES ('38', 'Housekeeper', '342', '583', '36', TO_DATE('2020-02-07 22:01:10', 'YYYY-MM-DD HH24:MI:SS'), '3', '5', '34', '14', '24', '5', '5');
INSERT INTO Contract (contract_id, contract_code, contract_price, contract_distance, contract_time, contract_date, truck_id, driver_id, client_id, city_id, city_id_trailer_pickup, city_id_get_truck, city_id_park_truck) VALUES ('39', 'Physician', '798', '906', '776', TO_DATE('2017-09-16 15:02:08', 'YYYY-MM-DD HH24:MI:SS'), '19', '6', '45', '11', '11', '32', '10');
INSERT INTO Contract (contract_id, contract_code, contract_price, contract_distance, contract_time, contract_date, truck_id, driver_id, client_id, city_id, city_id_trailer_pickup, city_id_get_truck, city_id_park_truck) VALUES ('40', 'Reporter', '391', '276', '255', TO_DATE('2013-04-10 11:13:02', 'YYYY-MM-DD HH24:MI:SS'), '6', '26', '28', '33', '42', '46', '18');
INSERT INTO Contract (contract_id, contract_code, contract_price, contract_distance, contract_time, contract_date, truck_id, driver_id, client_id, city_id, city_id_trailer_pickup, city_id_get_truck, city_id_park_truck) VALUES ('41', 'Medical Secretary', '375', '877', '644', TO_DATE('2008-12-28 22:58:16', 'YYYY-MM-DD HH24:MI:SS'), '17', '34', '3', '12', '19', '42', '9');
INSERT INTO Contract (contract_id, contract_code, contract_price, contract_distance, contract_time, contract_date, truck_id, driver_id, client_id, city_id, city_id_trailer_pickup, city_id_get_truck, city_id_park_truck) VALUES ('42', 'Truck Driver', '931', '990', '540', TO_DATE('2011-07-11 14:00:50', 'YYYY-MM-DD HH24:MI:SS'), '40', '32', '37', '1', '18', '33', '36');
INSERT INTO Contract (contract_id, contract_code, contract_price, contract_distance, contract_time, contract_date, truck_id, driver_id, client_id, city_id, city_id_trailer_pickup, city_id_get_truck, city_id_park_truck) VALUES ('43', 'Desktop publisher', '124', '350', '936', TO_DATE('2022-12-25 20:52:00', 'YYYY-MM-DD HH24:MI:SS'), '19', '23', '2', '40', '38', '33', '10');
INSERT INTO Contract (contract_id, contract_code, contract_price, contract_distance, contract_time, contract_date, truck_id, driver_id, client_id, city_id, city_id_trailer_pickup, city_id_get_truck, city_id_park_truck) VALUES ('44', 'Public Relations Specialist', '993', '589', '598', TO_DATE('2017-08-01 23:38:50', 'YYYY-MM-DD HH24:MI:SS'), '41', '1', '9', '25', '26', '30', '11');
INSERT INTO Contract (contract_id, contract_code, contract_price, contract_distance, contract_time, contract_date, truck_id, driver_id, client_id, city_id, city_id_trailer_pickup, city_id_get_truck, city_id_park_truck) VALUES ('45', 'Hairdresser', '742', '356', '350', TO_DATE('2009-08-28 09:02:58', 'YYYY-MM-DD HH24:MI:SS'), '25', '5', '29', '7', '50', '21', '7');
INSERT INTO Contract (contract_id, contract_code, contract_price, contract_distance, contract_time, contract_date, truck_id, driver_id, client_id, city_id, city_id_trailer_pickup, city_id_get_truck, city_id_park_truck) VALUES ('46', 'Accountant', '193', '7', '640', TO_DATE('2009-11-30 20:50:27', 'YYYY-MM-DD HH24:MI:SS'), '47', '31', '9', '43', '38', '39', '22');
INSERT INTO Contract (contract_id, contract_code, contract_price, contract_distance, contract_time, contract_date, truck_id, driver_id, client_id, city_id, city_id_trailer_pickup, city_id_get_truck, city_id_park_truck) VALUES ('47', 'Software Developer', '533', '649', '333', TO_DATE('2012-06-15 04:51:45', 'YYYY-MM-DD HH24:MI:SS'), '38', '41', '45', '4', '41', '23', '7');
INSERT INTO Contract (contract_id, contract_code, contract_price, contract_distance, contract_time, contract_date, truck_id, driver_id, client_id, city_id, city_id_trailer_pickup, city_id_get_truck, city_id_park_truck) VALUES ('48', 'Editor', '69', '166', '17', TO_DATE('2018-04-15 18:32:24', 'YYYY-MM-DD HH24:MI:SS'), '29', '49', '3', '17', '17', '9', '50');
INSERT INTO Contract (contract_id, contract_code, contract_price, contract_distance, contract_time, contract_date, truck_id, driver_id, client_id, city_id, city_id_trailer_pickup, city_id_get_truck, city_id_park_truck) VALUES ('49', 'Zoologist', '995', '355', '706', TO_DATE('2020-10-16 09:00:12', 'YYYY-MM-DD HH24:MI:SS'), '4', '46', '4', '25', '9', '24', '48');
INSERT INTO Contract (contract_id, contract_code, contract_price, contract_distance, contract_time, contract_date, truck_id, driver_id, client_id, city_id, city_id_trailer_pickup, city_id_get_truck, city_id_park_truck) VALUES ('50', 'Professional athlete', '242', '9', '215', TO_DATE('2001-08-16 04:28:32', 'YYYY-MM-DD HH24:MI:SS'), '14', '38', '45', '40', '10', '34', '10');
INSERT INTO trajet (trajet_id, Date_t, driver_id, truck_id) VALUES ('1', TO_DATE('2018-07-01 16:18:23', 'YYYY-MM-DD HH24:MI:SS'), '23', '27');
INSERT INTO trajet (trajet_id, Date_t, driver_id, truck_id) VALUES ('2', TO_DATE('2000-01-23 21:21:43', 'YYYY-MM-DD HH24:MI:SS'), '39', '4');
INSERT INTO trajet (trajet_id, Date_t, driver_id, truck_id) VALUES ('3', TO_DATE('2018-02-28 08:11:40', 'YYYY-MM-DD HH24:MI:SS'), '50', '18');
INSERT INTO trajet (trajet_id, Date_t, driver_id, truck_id) VALUES ('4', TO_DATE('2004-09-28 05:30:24', 'YYYY-MM-DD HH24:MI:SS'), '14', '2');
INSERT INTO trajet (trajet_id, Date_t, driver_id, truck_id) VALUES ('5', TO_DATE('2012-01-30 19:57:10', 'YYYY-MM-DD HH24:MI:SS'), '32', '24');
INSERT INTO trajet (trajet_id, Date_t, driver_id, truck_id) VALUES ('6', TO_DATE('2019-03-04 20:22:12', 'YYYY-MM-DD HH24:MI:SS'), '23', '8');
INSERT INTO trajet (trajet_id, Date_t, driver_id, truck_id) VALUES ('7', TO_DATE('2000-02-10 14:01:16', 'YYYY-MM-DD HH24:MI:SS'), '12', '38');
INSERT INTO trajet (trajet_id, Date_t, driver_id, truck_id) VALUES ('8', TO_DATE('2020-10-28 16:51:34', 'YYYY-MM-DD HH24:MI:SS'), '19', '48');
INSERT INTO trajet (trajet_id, Date_t, driver_id, truck_id) VALUES ('9', TO_DATE('2007-06-28 12:24:11', 'YYYY-MM-DD HH24:MI:SS'), '32', '14');
INSERT INTO trajet (trajet_id, Date_t, driver_id, truck_id) VALUES ('10', TO_DATE('2007-09-13 05:12:29', 'YYYY-MM-DD HH24:MI:SS'), '37', '26');
INSERT INTO trajet (trajet_id, Date_t, driver_id, truck_id) VALUES ('11', TO_DATE('2006-12-06 08:23:17', 'YYYY-MM-DD HH24:MI:SS'), '35', '22');
INSERT INTO trajet (trajet_id, Date_t, driver_id, truck_id) VALUES ('12', TO_DATE('2014-05-29 04:55:11', 'YYYY-MM-DD HH24:MI:SS'), '7', '16');
INSERT INTO trajet (trajet_id, Date_t, driver_id, truck_id) VALUES ('13', TO_DATE('2009-10-17 03:22:02', 'YYYY-MM-DD HH24:MI:SS'), '16', '14');
INSERT INTO trajet (trajet_id, Date_t, driver_id, truck_id) VALUES ('14', TO_DATE('2023-08-01 09:58:24', 'YYYY-MM-DD HH24:MI:SS'), '50', '21');
INSERT INTO trajet (trajet_id, Date_t, driver_id, truck_id) VALUES ('15', TO_DATE('2006-12-07 19:34:16', 'YYYY-MM-DD HH24:MI:SS'), '20', '36');
INSERT INTO trajet (trajet_id, Date_t, driver_id, truck_id) VALUES ('16', TO_DATE('2020-01-26 05:00:54', 'YYYY-MM-DD HH24:MI:SS'), '27', '7');
INSERT INTO trajet (trajet_id, Date_t, driver_id, truck_id) VALUES ('17', TO_DATE('2008-10-05 12:40:54', 'YYYY-MM-DD HH24:MI:SS'), '9', '6');
INSERT INTO trajet (trajet_id, Date_t, driver_id, truck_id) VALUES ('18', TO_DATE('2020-01-17 21:40:11', 'YYYY-MM-DD HH24:MI:SS'), '26', '35');
INSERT INTO trajet (trajet_id, Date_t, driver_id, truck_id) VALUES ('19', TO_DATE('2014-07-11 04:57:13', 'YYYY-MM-DD HH24:MI:SS'), '38', '45');
INSERT INTO trajet (trajet_id, Date_t, driver_id, truck_id) VALUES ('20', TO_DATE('2002-08-30 02:57:46', 'YYYY-MM-DD HH24:MI:SS'), '2', '37');
INSERT INTO trajet (trajet_id, Date_t, driver_id, truck_id) VALUES ('21', TO_DATE('2007-09-08 15:59:23', 'YYYY-MM-DD HH24:MI:SS'), '8', '17');
INSERT INTO trajet (trajet_id, Date_t, driver_id, truck_id) VALUES ('22', TO_DATE('2005-03-13 23:17:09', 'YYYY-MM-DD HH24:MI:SS'), '24', '13');
INSERT INTO trajet (trajet_id, Date_t, driver_id, truck_id) VALUES ('23', TO_DATE('2020-08-12 16:31:56', 'YYYY-MM-DD HH24:MI:SS'), '49', '16');
INSERT INTO trajet (trajet_id, Date_t, driver_id, truck_id) VALUES ('24', TO_DATE('2002-10-30 03:48:38', 'YYYY-MM-DD HH24:MI:SS'), '3', '15');
INSERT INTO trajet (trajet_id, Date_t, driver_id, truck_id) VALUES ('25', TO_DATE('2023-02-14 16:19:01', 'YYYY-MM-DD HH24:MI:SS'), '4', '41');
INSERT INTO trajet (trajet_id, Date_t, driver_id, truck_id) VALUES ('26', TO_DATE('2020-07-17 22:02:47', 'YYYY-MM-DD HH24:MI:SS'), '9', '6');
INSERT INTO trajet (trajet_id, Date_t, driver_id, truck_id) VALUES ('27', TO_DATE('2001-09-18 16:28:51', 'YYYY-MM-DD HH24:MI:SS'), '27', '32');
INSERT INTO trajet (trajet_id, Date_t, driver_id, truck_id) VALUES ('28', TO_DATE('2003-05-13 02:35:32', 'YYYY-MM-DD HH24:MI:SS'), '10', '34');
INSERT INTO trajet (trajet_id, Date_t, driver_id, truck_id) VALUES ('29', TO_DATE('2005-10-27 23:48:46', 'YYYY-MM-DD HH24:MI:SS'), '4', '34');
INSERT INTO trajet (trajet_id, Date_t, driver_id, truck_id) VALUES ('30', TO_DATE('2013-11-14 20:39:49', 'YYYY-MM-DD HH24:MI:SS'), '35', '45');
INSERT INTO trajet (trajet_id, Date_t, driver_id, truck_id) VALUES ('31', TO_DATE('2006-08-13 16:35:51', 'YYYY-MM-DD HH24:MI:SS'), '50', '17');
INSERT INTO trajet (trajet_id, Date_t, driver_id, truck_id) VALUES ('32', TO_DATE('2003-12-21 06:26:25', 'YYYY-MM-DD HH24:MI:SS'), '41', '13');
INSERT INTO trajet (trajet_id, Date_t, driver_id, truck_id) VALUES ('33', TO_DATE('2002-02-24 12:26:10', 'YYYY-MM-DD HH24:MI:SS'), '10', '1');
INSERT INTO trajet (trajet_id, Date_t, driver_id, truck_id) VALUES ('34', TO_DATE('2017-06-10 12:56:21', 'YYYY-MM-DD HH24:MI:SS'), '26', '31');
INSERT INTO trajet (trajet_id, Date_t, driver_id, truck_id) VALUES ('35', TO_DATE('2011-01-03 07:54:44', 'YYYY-MM-DD HH24:MI:SS'), '26', '18');
INSERT INTO trajet (trajet_id, Date_t, driver_id, truck_id) VALUES ('36', TO_DATE('2008-11-23 08:00:46', 'YYYY-MM-DD HH24:MI:SS'), '22', '3');
INSERT INTO trajet (trajet_id, Date_t, driver_id, truck_id) VALUES ('37', TO_DATE('2015-01-17 14:04:44', 'YYYY-MM-DD HH24:MI:SS'), '1', '46');
INSERT INTO trajet (trajet_id, Date_t, driver_id, truck_id) VALUES ('38', TO_DATE('2010-08-02 19:02:42', 'YYYY-MM-DD HH24:MI:SS'), '11', '4');
INSERT INTO trajet (trajet_id, Date_t, driver_id, truck_id) VALUES ('39', TO_DATE('2008-07-09 15:02:27', 'YYYY-MM-DD HH24:MI:SS'), '37', '13');
INSERT INTO trajet (trajet_id, Date_t, driver_id, truck_id) VALUES ('40', TO_DATE('2013-05-25 09:41:31', 'YYYY-MM-DD HH24:MI:SS'), '25', '18');
INSERT INTO trajet (trajet_id, Date_t, driver_id, truck_id) VALUES ('41', TO_DATE('2006-02-21 04:26:58', 'YYYY-MM-DD HH24:MI:SS'), '45', '2');
INSERT INTO trajet (trajet_id, Date_t, driver_id, truck_id) VALUES ('42', TO_DATE('2022-11-02 18:34:43', 'YYYY-MM-DD HH24:MI:SS'), '4', '39');
INSERT INTO trajet (trajet_id, Date_t, driver_id, truck_id) VALUES ('43', TO_DATE('2007-08-05 16:36:17', 'YYYY-MM-DD HH24:MI:SS'), '30', '7');
INSERT INTO trajet (trajet_id, Date_t, driver_id, truck_id) VALUES ('44', TO_DATE('2013-06-12 06:45:45', 'YYYY-MM-DD HH24:MI:SS'), '3', '29');
INSERT INTO trajet (trajet_id, Date_t, driver_id, truck_id) VALUES ('45', TO_DATE('2017-11-19 00:35:25', 'YYYY-MM-DD HH24:MI:SS'), '3', '12');
INSERT INTO trajet (trajet_id, Date_t, driver_id, truck_id) VALUES ('46', TO_DATE('2003-05-12 11:22:33', 'YYYY-MM-DD HH24:MI:SS'), '42', '16');
INSERT INTO trajet (trajet_id, Date_t, driver_id, truck_id) VALUES ('47', TO_DATE('2011-02-25 21:07:38', 'YYYY-MM-DD HH24:MI:SS'), '16', '37');
INSERT INTO trajet (trajet_id, Date_t, driver_id, truck_id) VALUES ('48', TO_DATE('2014-01-30 13:03:29', 'YYYY-MM-DD HH24:MI:SS'), '34', '15');
INSERT INTO trajet (trajet_id, Date_t, driver_id, truck_id) VALUES ('49', TO_DATE('2022-07-23 21:40:24', 'YYYY-MM-DD HH24:MI:SS'), '13', '9');
INSERT INTO trajet (trajet_id, Date_t, driver_id, truck_id) VALUES ('50', TO_DATE('2016-12-17 10:46:38', 'YYYY-MM-DD HH24:MI:SS'), '25', '6');
INSERT INTO transporter (trailer_id, contract_id) VALUES ('2', '44');
INSERT INTO transporter (trailer_id, contract_id) VALUES ('17', '11');
INSERT INTO transporter (trailer_id, contract_id) VALUES ('28', '47');
INSERT INTO transporter (trailer_id, contract_id) VALUES ('2', '50');
INSERT INTO transporter (trailer_id, contract_id) VALUES ('43', '1');
INSERT INTO transporter (trailer_id, contract_id) VALUES ('46', '29');
INSERT INTO transporter (trailer_id, contract_id) VALUES ('26', '8');
INSERT INTO transporter (trailer_id, contract_id) VALUES ('50', '12');
INSERT INTO transporter (trailer_id, contract_id) VALUES ('37', '8');
INSERT INTO transporter (trailer_id, contract_id) VALUES ('30', '37');
INSERT INTO transporter (trailer_id, contract_id) VALUES ('43', '26');
INSERT INTO transporter (trailer_id, contract_id) VALUES ('50', '48');
INSERT INTO transporter (trailer_id, contract_id) VALUES ('17', '34');
INSERT INTO transporter (trailer_id, contract_id) VALUES ('44', '5');
INSERT INTO transporter (trailer_id, contract_id) VALUES ('44', '7');
INSERT INTO transporter (trailer_id, contract_id) VALUES ('5', '36');
INSERT INTO transporter (trailer_id, contract_id) VALUES ('44', '38');
INSERT INTO transporter (trailer_id, contract_id) VALUES ('6', '41');
INSERT INTO transporter (trailer_id, contract_id) VALUES ('19', '37');
INSERT INTO transporter (trailer_id, contract_id) VALUES ('29', '46');
INSERT INTO transporter (trailer_id, contract_id) VALUES ('32', '44');
INSERT INTO transporter (trailer_id, contract_id) VALUES ('26', '50');
INSERT INTO transporter (trailer_id, contract_id) VALUES ('36', '12');
INSERT INTO transporter (trailer_id, contract_id) VALUES ('47', '49');
INSERT INTO transporter (trailer_id, contract_id) VALUES ('10', '19');
INSERT INTO transporter (trailer_id, contract_id) VALUES ('2', '34');
INSERT INTO transporter (trailer_id, contract_id) VALUES ('3', '5');
INSERT INTO transporter (trailer_id, contract_id) VALUES ('13', '32');
INSERT INTO transporter (trailer_id, contract_id) VALUES ('33', '18');
INSERT INTO transporter (trailer_id, contract_id) VALUES ('13', '46');
INSERT INTO transporter (trailer_id, contract_id) VALUES ('26', '22');
INSERT INTO transporter (trailer_id, contract_id) VALUES ('28', '10');
INSERT INTO transporter (trailer_id, contract_id) VALUES ('7', '23');
INSERT INTO transporter (trailer_id, contract_id) VALUES ('31', '31');
INSERT INTO transporter (trailer_id, contract_id) VALUES ('40', '44');
INSERT INTO transporter (trailer_id, contract_id) VALUES ('28', '23');
INSERT INTO transporter (trailer_id, contract_id) VALUES ('38', '43');
INSERT INTO transporter (trailer_id, contract_id) VALUES ('18', '38');
INSERT INTO transporter (trailer_id, contract_id) VALUES ('12', '15');
INSERT INTO transporter (trailer_id, contract_id) VALUES ('50', '26');
INSERT INTO transporter (trailer_id, contract_id) VALUES ('27', '13');
INSERT INTO transporter (trailer_id, contract_id) VALUES ('42', '30');
INSERT INTO transporter (trailer_id, contract_id) VALUES ('26', '20');
INSERT INTO transporter (trailer_id, contract_id) VALUES ('36', '23');
INSERT INTO transporter (trailer_id, contract_id) VALUES ('29', '40');
INSERT INTO transporter (trailer_id, contract_id) VALUES ('22', '24');
INSERT INTO transporter (trailer_id, contract_id) VALUES ('47', '33');
INSERT INTO transporter (trailer_id, contract_id) VALUES ('13', '34');
INSERT INTO transporter (trailer_id, contract_id) VALUES ('42', '7');
INSERT INTO transporter (trailer_id, contract_id) VALUES ('44', '27');
INSERT INTO etat (status_id, contract_id) VALUES ('40', '47');
INSERT INTO etat (status_id, contract_id) VALUES ('47', '28');
INSERT INTO etat (status_id, contract_id) VALUES ('28', '45');
INSERT INTO etat (status_id, contract_id) VALUES ('45', '30');
INSERT INTO etat (status_id, contract_id) VALUES ('31', '47');
INSERT INTO etat (status_id, contract_id) VALUES ('36', '31');
INSERT INTO etat (status_id, contract_id) VALUES ('26', '24');
INSERT INTO etat (status_id, contract_id) VALUES ('10', '10');
INSERT INTO etat (status_id, contract_id) VALUES ('35', '23');
INSERT INTO etat (status_id, contract_id) VALUES ('43', '28');
INSERT INTO etat (status_id, contract_id) VALUES ('47', '32');
INSERT INTO etat (status_id, contract_id) VALUES ('11', '2');
INSERT INTO etat (status_id, contract_id) VALUES ('6', '19');
INSERT INTO etat (status_id, contract_id) VALUES ('24', '33');
INSERT INTO etat (status_id, contract_id) VALUES ('41', '8');
INSERT INTO etat (status_id, contract_id) VALUES ('28', '13');
INSERT INTO etat (status_id, contract_id) VALUES ('32', '23');
INSERT INTO etat (status_id, contract_id) VALUES ('22', '3');
INSERT INTO etat (status_id, contract_id) VALUES ('20', '47');
INSERT INTO etat (status_id, contract_id) VALUES ('32', '47');
INSERT INTO etat (status_id, contract_id) VALUES ('32', '46');
INSERT INTO etat (status_id, contract_id) VALUES ('5', '9');
INSERT INTO etat (status_id, contract_id) VALUES ('41', '50');
INSERT INTO etat (status_id, contract_id) VALUES ('39', '15');
INSERT INTO etat (status_id, contract_id) VALUES ('46', '50');
INSERT INTO etat (status_id, contract_id) VALUES ('40', '46');
INSERT INTO etat (status_id, contract_id) VALUES ('44', '47');
INSERT INTO etat (status_id, contract_id) VALUES ('48', '18');
INSERT INTO etat (status_id, contract_id) VALUES ('2', '34');
INSERT INTO etat (status_id, contract_id) VALUES ('22', '36');
INSERT INTO etat (status_id, contract_id) VALUES ('4', '10');
INSERT INTO etat (status_id, contract_id) VALUES ('29', '39');
INSERT INTO etat (status_id, contract_id) VALUES ('42', '32');
INSERT INTO etat (status_id, contract_id) VALUES ('11', '9');
INSERT INTO etat (status_id, contract_id) VALUES ('18', '18');
INSERT INTO etat (status_id, contract_id) VALUES ('32', '7');
INSERT INTO etat (status_id, contract_id) VALUES ('25', '25');
INSERT INTO etat (status_id, contract_id) VALUES ('13', '13');
INSERT INTO etat (status_id, contract_id) VALUES ('13', '36');
INSERT INTO etat (status_id, contract_id) VALUES ('23', '46');
INSERT INTO etat (status_id, contract_id) VALUES ('24', '5');
INSERT INTO etat (status_id, contract_id) VALUES ('16', '31');
INSERT INTO etat (status_id, contract_id) VALUES ('5', '42');
INSERT INTO etat (status_id, contract_id) VALUES ('26', '15');
INSERT INTO etat (status_id, contract_id) VALUES ('2', '27');
INSERT INTO etat (status_id, contract_id) VALUES ('17', '21');
INSERT INTO etat (status_id, contract_id) VALUES ('48', '12');
INSERT INTO etat (status_id, contract_id) VALUES ('48', '47');
INSERT INTO etat (status_id, contract_id) VALUES ('31', '41');
INSERT INTO etat (status_id, contract_id) VALUES ('28', '40');
